{
  "train_losses": [
    0.0038516393629834055,
    0.002145502797793597,
    0.0005467690614750608,
    0.00019730652711587028,
    8.216052956413477e-05
  ],
  "val_losses": [],
  "best_val_loss": Infinity,
  "total_time": 13.003770351409912,
  "num_epochs": 5
}