{
  "train_losses": [
    0.0043439763498359495,
    0.0025656634575820397,
    0.0015119850452590203,
    0.0009048473771794566,
    0.0005193652926079397,
    0.00031071168528537134,
    0.00023229502611294656,
    0.0001968944603244641
  ],
  "val_losses": [],
  "best_val_loss": Infinity,
  "total_time": 75.33396196365356,
  "num_epochs": 8
}