{
  "train_losses": [
    0.008873992776498198,
    0.008615715894848108,
    0.008372355494648218,
    0.008160865055397154,
    0.008008433412760496,
    0.007916640350595116,
    0.007854559812694789,
    0.007819629060104489,
    0.00780532730743289,
    0.007795878201723099,
    0.007780972300097346,
    0.007782437996938825,
    0.007779405722394586,
    0.007776757227256894,
    0.007774693863466382
  ],
  "val_losses": [],
  "best_val_loss": Infinity,
  "total_time": 43.47995615005493,
  "num_epochs": 15
}