{
  "train_losses": [
    0.5357213044166564,
    0.5132412791252137,
    0.5129521721601487,
    0.5131426376104354,
    0.5148838579654693,
    0.5135663068294525,
    0.5127668976783752,
    0.5122439908981323,
    0.5130191248655319,
    0.51293825507164,
    0.5123420494794846,
    0.5116874563694,
    0.5116926950216293,
    0.5124323672056198,
    0.5132964968681335,
    0.5124453580379487,
    0.5121635144948959,
    0.5120501410961151,
    0.5118457043170929,
    0.5121680194139481
  ],
  "val_losses": [],
  "best_val_loss": Infinity,
  "total_time": 54.21350622177124,
  "num_epochs": 20
}