{
  "train_losses": [
    0.0029160247774728176,
    0.0009163901579865653,
    0.0002935460252047051,
    0.00022052049150391082,
    0.0001834353019408549,
    0.00014549508757357086,
    0.00012075228888923968,
    9.606990845765852e-05,
    9.164705079456326e-05,
    7.332141558435978e-05
  ],
  "val_losses": [],
  "best_val_loss": Infinity,
  "total_time": 182.46822261810303,
  "num_epochs": 10
}