{
  "train_losses": [
    0.005278830393217504,
    0.0038556592306122186,
    0.002768826182000339,
    0.0012517139315605164,
    0.0006096819794038311,
    0.0004168876446783543,
    0.0003280764125520363,
    0.0002340637642191723,
    0.0002011453441809863,
    0.0001725377791444771
  ],
  "val_losses": [],
  "best_val_loss": Infinity,
  "total_time": 46.404234409332275,
  "num_epochs": 10
}