{
  "train_losses": [
    0.0113235529884696,
    0.010539361201226711,
    0.009780626380816101,
    0.0092455446254462,
    0.009024253468960524,
    0.00895485215820372,
    0.008941600415855646,
    0.008905389802530408,
    0.008875418286770582,
    0.008849389674142004,
    0.008843833431601524,
    0.008859400684013963,
    0.008839678587391972,
    0.008840762590989471,
    0.008847715901210904,
    0.008845551842823625,
    0.00885324007831514,
    0.008849256583489477,
    0.00885246604681015,
    0.008852823488414287
  ],
  "val_losses": [],
  "best_val_loss": Infinity,
  "total_time": 57.49237084388733,
  "num_epochs": 20
}