{
  "train_losses": [
    0.011385030671954155,
    0.010978623842820525,
    0.010464093210175633,
    0.009864826053380966,
    0.009344007270410657,
    0.009071449269540607,
    0.008961811508052052,
    0.008921231171116232,
    0.008903575502336026,
    0.008890394885092974,
    0.00887480634264648,
    0.008868755595758558,
    0.00885992701165378,
    0.008860791753977536,
    0.008845341270789503,
    0.008835081523284317,
    0.0088540443405509,
    0.00885413638316095,
    0.00884768138639629,
    0.008848316920921206
  ],
  "val_losses": [],
  "best_val_loss": Infinity,
  "total_time": 57.07535910606384,
  "num_epochs": 20
}