{
  "train_losses": [
    0.004095654143020511,
    0.004042274365201592
  ],
  "val_losses": [],
  "best_val_loss": Infinity,
  "total_time": 0.6884462833404541,
  "num_epochs": 2
}