{
  "train_losses": [
    0.004410280147567391,
    0.0033637605840340255,
    0.002473111031576991,
    0.002156712778378278,
    0.0013907881220802665,
    0.001063589728437364,
    0.0008763482677750289,
    0.0007520161219872534,
    0.0006540240050526336,
    0.0005696611973689869
  ],
  "val_losses": [],
  "best_val_loss": Infinity,
  "total_time": 104.50973272323608,
  "num_epochs": 10
}