{
  "train_losses": [
    0.006623591540846974,
    0.0034873240743763744,
    0.0028539375751279296,
    0.0012673424964305014,
    0.00035438444319879636,
    0.00019452449050731956,
    0.00014918319939170033,
    0.00012633233272936196,
    0.00011005612977896818,
    9.308363987656776e-05
  ],
  "val_losses": [],
  "best_val_loss": Infinity,
  "total_time": 126.333181142807,
  "num_epochs": 10
}