{
  "train_losses": [
    0.0035702666034922005,
    0.003442793432623148,
    0.003448456263868138,
    0.0034494517312850803,
    0.0034498776833061127
  ],
  "val_losses": [],
  "best_val_loss": Infinity,
  "total_time": 51.191096782684326,
  "num_epochs": 5
}