{
  "train_losses": [
    0.007323594903573394,
    0.005384386014193296,
    0.0023459495091810822,
    0.0013243529613828286,
    0.0008279495820170268,
    0.0005724242591531948,
    0.0004111760010709986,
    0.0003272273519542068,
    0.00027335837192367764,
    0.00020773378884769044
  ],
  "val_losses": [],
  "best_val_loss": Infinity,
  "total_time": 531.462393283844,
  "num_epochs": 10
}