{
  "train_losses": [
    0.0020288625050203075,
    0.0006015929455835638,
    0.0002618392915922284,
    0.00018681311796951507,
    0.00015432657320551307,
    0.00012080829973066492,
    0.00010525605284783524,
    8.830886612746067e-05,
    7.493729013471498e-05,
    6.379970701735666e-05
  ],
  "val_losses": [],
  "best_val_loss": Infinity,
  "total_time": 181.67339968681335,
  "num_epochs": 10
}