{
  "train_losses": [
    0.0031621703279337715,
    0.0008195768532459624,
    0.0003154614002726573,
    0.0002009655015301957,
    0.00016213816914906993,
    0.00013503063538727083,
    0.00011225463276787195,
    0.00012553736061298487
  ],
  "val_losses": [],
  "best_val_loss": Infinity,
  "total_time": 144.72826027870178,
  "num_epochs": 8
}