Episode,Average_r_t
1,-9.607366
2,-6.620468
3,-7.590305
4,-8.862970
5,-11.903039
6,-9.123020
7,-8.527611
8,-8.849277
9,-8.365456
10,-9.677532
11,-13.479190
12,-10.672731
13,-8.908840
14,-9.015470
15,-4.856814
16,-13.648066
17,-13.083978
18,-10.725072
19,-10.157366
20,-8.278387
21,-10.071205
22,-7.898343
23,-10.864457
24,-15.323336
25,-5.591568
26,-12.574191
27,-10.669416
28,-10.683412
29,-9.138003
30,-6.347224
31,-8.744922
32,-11.404236
33,-9.515601
34,-6.688490
35,-10.512773
36,-7.347330
37,-14.303328
38,-9.027624
39,-11.367956
40,-11.432518
41,-10.184530
42,-8.745751
43,-9.005972
44,-8.111129
