{
  "train_losses": [
    0.004261123249307275,
    0.002773063722997904,
    0.002365361899137497,
    0.001984659524168819,
    0.0020019669900648296
  ],
  "val_losses": [
    0.002882234053686261,
    0.001820361358113587,
    0.0017256023129448295,
    0.0016101758228614926,
    0.0015566832153126597
  ],
  "best_val_loss": 0.0015566832153126597,
  "total_time": 0.46347546577453613,
  "num_epochs": 5
}