num_wf,ga,greedy,finetuned
20,463.0714286,2.071428571,15.57142857
50,585.95,4.675,21.525
100,876.662,9.488,24.993
200,1352.874,18.995,28.302
400,2124.886,34.990,31.602

