{
  "noderank": [
    0.13043478260869568,
    0.08985507246376812,
    0.2,
    0.3043478260869565,
    0.10144927536231885,
    0.17391304347826086
  ],
  "initial_noderank": [
    0.14084507042253522,
    0.07042253521126761,
    0.15492957746478872,
    0.352112676056338,
    0.07042253521126761,
    0.21126760563380279
  ],
  "resource_evaluation": [
    0.8,
    0.4,
    0.88,
    2.0,
    0.4,
    1.2
  ],
  "iterations": 1,
  "directed": true
}