Round,finetuned,ga,gal-vne,greedy
0.2,0.905028,0.905028,0.877095,0.860335
0.3,0.730769,0.742308,0.703846,0.688462
0.4,0.623881,0.632836,0.602985,0.585075
